hauteur (m),temps (s)
0,-0.01272
0.25,0.23172
0.5,0.34884
0.75,0.44242
1.0,0.52982
1.25,0.61341
1.5,0.68109
1.75,0.74713
2.0,0.81104
2.25,0.86903
2.5,0.94309
2.75,1.00013
3.0,1.0519
